i,1529
the,1032
to,994
and,896
a,883
it,492
is,488
my,482
of,468
in,439
for,357
that,333
do,296
have,274
t,269
what,264
on,245
you,242
can,223
be,222
with,222
or,220
but,217
so,206
s,202
they,201
this,201
me,199
m,189
are,182
was,180
if,178
how,174
he,157
we,152
not,151
would,149
why,143
she,139
get,138
just,135
there,130
like,129
about,128
when,127
know,125
as,121
all,116
don,116
one,109
out,108
am,105
at,102
should,98
from,97
been,96
think,96
will,94
up,91
want,88
an,88
them,86
has,85
her,85
people,78
who,78
really,77
time,75
does,75
any,74
because,73
help,70
by,67
ve,66
even,65
more,65
had,64
no,64
his,64
your,62
some,61
go,61
also,61
going,59
now,59
year,58
him,57
only,55
their,54
could,53
good,52
make,51
were,49
back,48
which,48
take,47
need,47
said,46
years,46
2,45
got,44
where,44
old,43
being,43
school,42
work,42
off,42
did,42
please,42
these,41
its,41
other,41
much,40
very,40
over,39
around,39
someone,38
something,38
3,38
live,37
getting,37
then,36
re,36
thanks,36
still,36
than,36
money,36
after,35
5,35
most,35
question,35
anyone,34
never,34
best,33
say,33
love,33
our,33
house,33
feel,33
long,33
bad,32
us,32
day,32
first,31
car,31
months,31
friend,31
way,30
found,30
home,28
women,28
better,28
told,27
before,27
next,27
many,27
always,27
family,27
see,27
1,27
friends,27
here,26
days,26
life,26
down,26
while,26
each,25
without,25
trying,25
4,25
new,25
baby,25
too,25
well,25
keep,24
since,24
find,24
high,24
every,23
come,23
children,23
parents,23
doesn,23
job,23
buy,23
give,22
stop,22
im,22
tell,22
two,22
having,22
mean,21
wanted,21
ago,21
start,21
play,21
won,21
last,21
person,21
into,21
let,21
making,21
use,21
few,21
times,21
sex,21
away,20
ask,20
looking,20
wants,20
pay,20
week,20
change,20
same,20
used,20
done,20
9,20
d,20
ever,19
yahoo,19
answer,19
already,19
games,19
right,19
living,19
little,19
girl,19
lot,19
believe,19
both,19
game,19
own,19
until,18
thing,18
wrong,18
went,18
god,18
things,18
together,18
state,18
sure,18
husband,18
another,18
6,18
pregnant,18
uk,18
married,18
look,17
kids,17
room,17
saying,17
15,17
asked,17
everything,17
today,17
place,17
those,17
dont,17
become,17
age,17
try,17
scared,17
call,16
free,16
happy,16
male,16
didn,16
card,16
black,16
point,16
small,16
answers,16
hard,16
http,16
nothing,16
recently,16
leave,16
called,16
once,16
doing,16
world,16
else,16
phone,15
com,15
test,15
ll,15
water,15
such,15
white,15
10,15
thinking,15
month,15
actually,15
wondering,15
started,15
tried,15
warming,15
wife,15
worth,14
dog,14
head,14
global,14
14,14
stay,14
period,14
break,14
mom,14
might,14
put,14
kind,14
anything,14
fact,14
son,14
made,14
seem,13
though,13
country,13
left,13
christmas,13
0,13
maybe,13
thank,13
turn,13
comes,13
different,13
power,13
enough,13
again,13
woman,13
full,13
almost,13
okay,13
idea,13
dad,13
problem,13
men,12
hi,12
child,12
possible,12
www,12
goes,12
working,12
man,12
18,12
paid,12
save,12
etc,12
myself,12
hours,12
playing,12
everyone,12
7,12
says,12
sister,12
check,12
due,12
per,12
young,12
20,12
explain,12
haven,12
planning,12
against,12
support,12
sleep,11
daughter,11
weeks,11
news,11
night,11
vegan,11
heard,11
african,11
name,11
care,11
tomorrow,11
11,11
16,11
able,11
seems,11
using,11
marriage,11
soon,11
8,11
during,11
supposed,11
win,11
female,11
guys,11
bother,11
stuff,11
n,11
books,11
happens,11
write,11
blue,10
example,10
front,10
given,10
top,10
human,10
dead,10
serious,10
dance,10
mail,10
ex,10
open,10
parking,10
between,10
real,10
homosexuality,10
past,10
dream,10
number,10
whole,10
body,10
great,10
30,10
completely,10
computer,10
less,10
eat,10
under,9
taking,9
type,9
side,9
matter,9
seen,9
came,9
however,9
wear,9
true,9
inside,9
evidence,9
ice,9
system,9
brother,9
team,9
wait,9
visit,9
crazy,9
may,9
talk,9
half,9
season,9
12,9
turned,9
show,9
running,9
agree,9
bit,9
through,9
england,9
extremely,9
set,9
c,9
pc,9
australia,9
makes,9
pretty,9
instead,9
eyes,9
whether,9
lives,9
gets,9
english,9
government,9
noticed,9
four,8
cause,8
000,8
hurt,8
gaming,8
meat,8
isn,8
talking,8
thoughts,8
oil,8
current,8
teacher,8
coming,8
date,8
british,8
price,8
fast,8
rent,8
ideas,8
considered,8
worried,8
cancer,8
return,8
property,8
everyday,8
remember,8
read,8
girlfriend,8
africa,8
science,8
dress,8
wouldn,8
food,8
reason,8
store,8
plan,8
part,8
close,8
gay,8
alone,8
mind,8
religion,8
nose,8
f,8
light,8
marked,8
move,8
land,8
thought,8
works,8
headaches,8
below,8
red,7
end,7
fable,7
ticket,7
took,7
earth,7
above,7
mum,7
three,7
yes,7
yet,7
credit,7
father,7
finally,7
cheap,7
guy,7
usually,7
afford,7
confused,7
happened,7
city,7
13,7
performance,7
walking,7
shot,7
stupid,7
article,7
sahara,7
trip,7
rest,7
either,7
starting,7
christian,7
known,7
hour,7
learn,7
states,7
media,7
entire,7
holiday,7
acting,7
american,7
ages,7
clean,7
add,7
whatever,7
according,7
continue,7
run,7
step,7
atheists,7
himself,7
hair,7
code,7
humid,7
video,7
paying,7
skin,7
sort,7
watch,7
felt,7
nervous,7
upset,7
near,7
longer,7
party,7
student,7
lassie,7
tax,7
gonna,7
e,7
paper,7
places,7
minutes,7
hate,6
venus,6
second,6
100,6
must,6
temperatures,6
ones,6
green,6
fix,6
safe,6
driving,6
grade,6
anxiety,6
tree,6
flowers,6
players,6
board,6
crying,6
cant,6
perform,6
born,6
xbox,6
slightly,6
whats,6
looked,6
picture,6
item,6
muslim,6
healthy,6
couple,6
birthday,6
normal,6
especially,6
die,6
reading,6
jobs,6
region,6
ive,6
speech,6
moving,6
ok,6
certain,6
moved,6
insurance,6
u,6
sound,6
taken,6
broke,6
history,6
information,6
breaking,6
blood,6
events,6
horse,6
major,6
girls,6
basically,6
windows,6
northern,6
along,6
political,6
understand,6
straight,6
fun,6
anymore,6
higher,6
obviously,6
hates,6
wanna,6
within,6
magic,6
giving,6
expect,6
themselves,6
control,6
united,6
animal,6
processor,6
looks,6
perfect,6
2015,6
aren,6
chemicals,6
comfortable,6
anyway,6
bring,6
riding,6
b,6
evolution,6
gone,6
climate,6
surface,6
lost,6
died,6
mother,6
pressure,6
class,6
sorry,5
affect,5
details,5
met,5
military,5
hot,5
law,5
suggest,5
fall,5
london,5
easier,5
bread,5
large,5
wasn,5
stealing,5
needed,5
hollywood,5
likely,5
ram,5
mouth,5
coin,5
report,5
autistic,5
licking,5
00,5
future,5
interest,5
sad,5
air,5
teachers,5
split,5
evil,5
kid,5
ocean,5
flooring,5
gave,5
50,5
pls,5
security,5
hear,5
exist,5
cost,5
witch,5
losing,5
data,5
natural,5
raised,5
non,5
elizabeth,5
seriously,5
europe,5
legally,5
hillary,5
boyfriend,5
online,5
laws,5
bought,5
outside,5
parent,5
guitar,5
chance,5
language,5
cash,5
policies,5
doctor,5
death,5
except,5
jews,5
throw,5
meals,5
babies,5
separate,5
important,5
chinese,5
returned,5
form,5
public,5
hasn,5
social,5
israel,5
knows,5
big,5
town,5
beautiful,5
numbers,5
advice,5
short,5
isnt,5
health,5
issue,5
story,5
option,5
park,5
double,5
sell,5
electric,5
fine,5
grocery,5
feels,5
dogs,5
river,5
holidays,5
older,5
y,5
letting,5
build,5
often,5
pet,5
nowhere,5
seeing,5
appropriate,5
link,5
pain,5
single,5
facebook,5
income,5
song,5
literally,5
far,5
telling,5
eating,5
nights,5
waste,5
later,5
wearing,5
native,5
profile,5
act,5
abuse,5
lines,5
including,5
realize,5
g,5
braces,5
winter,5
north,5
afraid,5
co2,5
police,5
selection,5
watching,5
words,5
romantic,5
btw,5
humans,5
powder,5
email,5
co,5
decent,5
smoking,5
site,5
drink,5
fail,5
simple,5
lose,5
makeup,5
face,5
behind,5
periods,5
40,5
leaving,5
limited,4
bike,4
clothes,4
lights,4
china,4
dry,4
items,4
piercing,4
changes,4
palestinian,4
successful,4
warm,4
word,4
divorced,4
foods,4
travel,4
pizza,4
wing,4
office,4
fit,4
writing,4
schools,4
silver,4
bank,4
arrested,4
companies,4
messages,4
heck,4
basketball,4
attack,4
shower,4
mini,4
mine,4
pinafore,4
explanation,4
princess,4
orchestra,4
population,4
decided,4
nature,4
russia,4
gamer,4
bathroom,4
beer,4
worked,4
player,4
several,4
suddenly,4
east,4
possibly,4
wanting,4
zombies,4
asking,4
post,4
super,4
music,4
attached,4
medication,4
password,4
wars,4
happening,4
teeth,4
vet,4
suicide,4
locked,4
cool,4
migraines,4
filled,4
canadian,4
diagnosed,4
weird,4
prove,4
memory,4
allowed,4
zimmerman,4
fed,4
mad,4
grow,4
liquid,4
deposit,4
cold,4
killed,4
sandwich,4
morning,4
gamers,4
terrorist,4
correct,4
quite,4
plane,4
impossible,4
mostly,4
17,4
require,4
saw,4
marathon,4
speakers,4
rooms,4
drive,4
order,4
physically,4
choose,4
pm,4
landline,4
screen,4
considering,4
combined,4
case,4
situation,4
shops,4
j,4
middle,4
drain,4
violent,4
output,4
thinks,4
reasons,4
favorite,4
accounts,4
area,4
dreaming,4
pull,4
deep,4
general,4
students,4
included,4
photos,4
hello,4
seat,4
caused,4
hands,4
disc,4
present,4
bleach,4
difference,4
list,4
shouldn,4
vegetarian,4
door,4
stick,4
accept,4
species,4
https,4
3am,4
laminate,4
oh,4
september,4
symptoms,4
travelling,4
males,4
stopped,4
mental,4
weight,4
event,4
houses,4
definition,4
least,4
mentally,4
fighting,4
zero,4
self,4
bug,4
stores,4
writer,4
remove,4
dumb,4
fans,4
sold,4
restaurant,4
battery,4
loan,4
options,4
fire,4
demand,4
calls,4
rid,4
products,4
yesterday,4
anybody,4
questions,4
cut,4
majority,4
source,4
radiator,4
message,4
invisalign,4
dating,4
refugees,4
idk,4
dads,4
lottery,4
apparently,4
jewish,4
anywhere,4
boys,4
info,4
metal,4
required,4
provided,4
kate,4
marry,4
confidence,4
race,4
download,4
cat,4
atmospheric,4
currently,4
sexy,4
engine,4
charge,4
names,4
meant,4
rabbit,4
account,4
animals,4
violence,4
halloween,4
l,4
guess,4
cutting,4
twice,4
evolutionary,4
colorado,4
sweden,4
individual,4
2014,4
goldberg,4
honestly,4
allow,4
chances,4
soldiers,4
local,4
handle,4
horrible,4
loud,4
section,4
heart,4
kitchen,4
despite,4
means,4
pictures,4
vs,4
partner,4
tattoo,4
strange,4
disagree,4
celtic,4
storey,4
console,4
field,4
nor,4
betting,4
book,4
page,4
request,4
shes,4
choosing,4
proper,4
although,4
r,4
rare,4
flip,4
compared,4
clear,4
nhs,4
sick,4
canada,4
accidents,4
personally,3
oldest,3
increase,3
blanket,3
splitting,3
tickets,3
fogo,3
enjoy,3
forget,3
tired,3
bacon,3
hide,3
saved,3
fingers,3
study,3
usps,3
vinyl,3
brought,3
cheating,3
achieve,3
m3,3
recommend,3
hit,3
survive,3
adult,3
90,3
hold,3
movies,3
oily,3
provide,3
poker,3
deck,3
bringing,3
financial,3
constipation,3
diana,3
allah,3
vote,3
taught,3
forgot,3
debit,3
size,3
professions,3
caught,3
purpose,3
meet,3
obesity,3
service,3
palestine,3
tavern,3
iron,3
traditionally,3
opinions,3
five,3
queen,3
panic,3
menu,3
unpublished,3
mention,3
lots,3
sorts,3
boss,3
marines,3
goddess,3
hated,3
2nd,3
tank,3
abrupt,3
smoke,3
birth,3
laptop,3
naturally,3
wasps,3
easy,3
chromosomes,3
core,3
doesnt,3
census,3
attacks,3
o,3
plus,3
match,3
stuck,3
war,3
leading,3
knowing,3
pimples,3
somebody,3
football,3
muslims,3
glass,3
vietnam,3
others,3
songs,3
switched,3
focus,3
competition,3
choice,3
masturbate,3
leeds,3
level,3
mb,3
diy,3
added,3
prevent,3
appear,3
dental,3
french,3
wage,3
pillow,3
430,3
extra,3
horses,3
1st,3
everybody,3
positive,3
figured,3
chocolate,3
scratches,3
december,3
topic,3
abort,3
pink,3
uae,3
actual,3
needs,3
membership,3
whenever,3
switch,3
sc,3
deactivated,3
course,3
greggs,3
wont,3
internet,3
besides,3
headphones,3
honest,3
yourself,3
quality,3
gives,3
recess,3
anus,3
germany,3
recover,3
note,3
200,3
america,3
forever,3
dick,3
employers,3
cannot,3
college,3
surgery,3
mortgage,3
ways,3
quiet,3
dated,3
among,3
direction,3
readings,3
observe,3
lava,3
shifts,3
unemployed,3
centuries,3
floor,3
kill,3
weekly,3
clueless,3
feminist,3
verse,3
psu,3
911,3
seconds,3
tumor,3
toothpaste,3
ladies,3
homeless,3
low,3
series,3
stand,3
sore,3
ended,3
buying,3
faster,3
monopoly,3
videos,3
al,3
thousand,3
odds,3
wifi,3
follow,3
religious,3
causes,3
carpet,3
immutable,3
abusing,3
tea,3
pass,3
nba,3
creatures,3
scientists,3
november,3
strong,3
marijuana,3
action,3
murdering,3
cup,3
impeached,3
extinction,3
takes,3
levine,3
injury,3
metformin,3
particular,3
none,3
offended,3
nine,3
scam,3
purchased,3
sense,3
muggings,3
rather,3
plant,3
banks,3
mexican,3
held,3
24,3
25,3
21,3
landlord,3
sucking,3
foot,3
staples,3
easily,3
44,3
characterized,3
generation,3
accidentally,3
connect,3
knight,3
research,3
friday,3
disneyland,3
terrible,3
troll,3
temperature,3
divorce,3
hotel,3
declare,3
fights,3
350,3
reach,3
virus,3
value,3
audio,3
sometimes,3
cover,3
gold,3
celebrities,3
headlines,3
giant,3
bird,3
sources,3
generally,3
common,3
gotten,3
culture,3
practice,3
glue,3
numerous,3
grounded,3
license,3
barely,3
gnats,3
expensive,3
amazing,3
modern,3
boy,3
hoping,3
ready,3
shirt,3
loans,3
strips,3
spend,3
rear,3
sydney,3
march,3
google,3
300,3
usa,3
75,3
clinton,3
terrorists,3
ministers,3
rolls,3
camera,3
forward,3
buns,3
legal,3
line,3
chao,3
cure,3
occasional,3
definitely,3
nice,3
printing,3
meaning,3
bethenny,3
issues,3
necessary,3
conditions,3
drinking,3
onion,3
fat,3
insecure,3
degree,3
rapes,3
following,3
receive,3
involved,3
extreme,3
crap,3
usb,3
train,3
washed,3
pour,3
recession,3
voice,3
de,3
attend,3
cheaper,3
1881,3
counter,3
sperm,3
auto,3
fables,3
kpa,3
huge,3
attending,3
early,3
florida,3
4th,3
third,3
et,3
owner,3
sadly,3
accent,3
adopted,3
vagina,3
exactly,3
bed,3
loves,3
gays,3
border,3
mic,3
soap,3
based,3
regularly,3
chicago,3
community,3
buyer,3
brain,3
fixed,3
experiences,3
guessing,3
wire,3
closet,3
ends,3
opening,3
ce,3
poem,3
bbc,3
filthy,3
sales,3
neighbour,3
finished,3
graphics,3
former,3
britain,3
watched,3
russell,3
cables,3
cross,3
guns,3
difficult,3
injured,3
alot,3
emotionally,3
object,3
send,3
domestic,3
happiness,3
lake,3
knob,3
suggestions,3
payments,3
transport,3
avoid,3
shelter,3
largest,3
interview,3
keeps,3
payment,3
transfer,3
constantly,3
hp,3
meds,3
count,3
lady,3
convince,3
nasa,3
islam,3
lately,3
basement,3
feeding,2
voted,2
risk,2
penny,2
yellow,2
screaming,2
vast,2
false,2
ups,2
bill,2
elections,2
street,2
shining,2
spouses,2
tips,2
ethanol,2
ignoring,2
mistake,2
constipated,2
stink,2
cane,2
total,2
sexual,2
dna,2
spoke,2
hospital,2
arms,2
females,2
motors,2
dressing,2
install,2
stressing,2
worse,2
mess,2
lay,2
president,2
lap,2
types,2
purchase,2
effective,2
wind,2
pitbulls,2
personal,2
denver,2
destroyed,2
coffee,2
8gb,2
band,2
effects,2
filling,2
acoustic,2
spider,2
solution,2
practising,2
unexplained,2
millennium,2
rented,2
turning,2
necessarily,2
vets,2
ate,2
onto,2
assumptions,2
megalake,2
legs,2
toe,2
murder,2
happily,2
albert,2
wisdom,2
somewhat,2
spayed,2
showed,2
ebay,2
seater,2
feeling,2
powers,2
rat,2
forced,2
abroad,2
cope,2
chest,2
acquire,2
translator,2
prostitute,2
singer,2
cams,2
points,2
aunt,2
renting,2
bomb,2
cake,2
debts,2
bipolar,2
appreciated,2
bush,2
rich,2
squeaking,2
momentum,2
wedding,2
runs,2
bar,2
countries,2
steak,2
temple,2
04,2
wikipedia,2
shaved,2
approach,2
terms,2
improve,2
remarried,2
accident,2
ill,2
studio,2
gathering,2
tons,2
pregnancy,2
basic,2
families,2
drugs,2
republicans,2
catch,2
starts,2
lizard,2
procedure,2
iq,2
violin,2
grown,2
bottles,2
emergency,2
potentially,2
documents,2
kim,2
prescribed,2
greatest,2
musical,2
photo,2
facts,2
teenager,2
keats,2
background,2
highly,2
gift,2
manual,2
theyre,2
private,2
deal,2
somehow,2
jennifer,2
bottom,2
fox,2
comments,2
deleted,2
lips,2
valium,2
chapter,2
citizens,2
dinner,2
commit,2
cadbury,2
automatically,2
fight,2
wax,2
abysmal,2
offer,2
becoming,2
heat,2
removed,2
isis,2
delete,2
150,2
liberal,2
sometime,2
curious,2
annoying,2
dying,2
setting,2
shrink,2
brothers,2
diet,2
weekend,2
younger,2
heritability,2
loyal,2
push,2
grateful,2
chair,2
row,2
disgusting,2
environment,2
chapters,2
ride,2
jerk,2
emergencies,2
kitten,2
trouble,2
exact,2
minute,2
round,2
democrats,2
brave,2
across,2
sign,2
chicken,2
afghanistan,2
everytime,2
debate,2
method,2
grandparents,2
slow,2
address,2
box,2
noticeable,2
shift,2
mumbai,2
guilty,2
bow,2
bangs,2
prefer,2
ballets,2
hamburger,2
bowing,2
citizen,2
australian,2
household,2
athena,2
rainfall,2
faith,2
downtown,2
organizations,2
graphic,2
armpits,2
claim,2
figure,2
awesome,2
requirements,2
fourth,2
familiar,2
vases,2
classroom,2
stress,2
pulled,2
fallout,2
pointer,2
policy,2
norway,2
moms,2
200k,2
january,2
em,2
badly,2
yeah,2
happen,2
monitors,2
album,2
space,2
cubicle,2
bless,2
shows,2
drop,2
theory,2
million,2
possibility,2
advantages,2
org,2
e1,2
training,2
couldn,2
carnival,2
star,2
frequent,2
1000,2
blind,2
spanish,2
ring,2
millions,2
ian,2
slept,2
cooling,2
trayvon,2
sahel,2
medical,2
pimple,2
begin,2
multiple,2
netflix,2
assault,2
average,2
senior,2
precise,2
friction,2
inventions,2
closed,2
begging,2
cameron,2
trade,2
artist,2
leather,2
attitude,2
naked,2
miley,2
elected,2
anyways,2
york,2
sport,2
teens,2
awards,2
killing,2
postage,2
tour,2
key,2
annual,2
9000,2
pop,2
poo,2
ii,2
ordered,2
crew,2
cares,2
west,2
rebuild,2
offered,2
400,2
reaching,2
laptops,2
wake,2
hidden,2
joke,2
secret,2
eran,2
rubbing,2
vinger,2
document,2
finish,2
disadvantages,2
driver,2
drives,2
weed,2
director,2
statue,2
proud,2
roughly,2
bottle,2
model,2
summer,2
actor,2
touch,2
generator,2
rose,2
desktop,2
interested,2
treatment,2
kills,2
desperately,2
traffic,2
joshua,2
untangle,2
65,2
hominid,2
colonial,2
scientific,2
whose,2
broken,2
terrified,2
helping,2
paralysis,2
corals,2
whites,2
vacation,2
strictly,2
lol,2
melcizine,2
complete,2
hire,2
toilet,2
acer,2
incorrect,2
collie,2
hybrid,2
forcing,2
poor,2
poop,2
hey,2
includes,2
alcohol,2
building,2
nikon,2
values,2
mask,2
psychic,2
senna,2
lace,2
dollar,2
messy,2
coons,2
apartment,2
wish,2
tv,2
sitting,2
biological,2
nickname,2
programme,2
skiing,2
rate,2
richard,2
sun,2
abs,2
d1,2
ballet,2
compressed,2
palin,2
bible,2
experience,2
eva,2
amount,2
hateful,2
armed,2
minor,2
company,2
sucks,2
remain,2
dual,2
correctness,2
phrase,2
awkward,2
lift,2
cling,2
plans,2
suppose,2
overnight,2
inline,2
committed,2
existence,2
23,2
pray,2
jackpots,2
thnx,2
resort,2
systems,2
disrespectful,2
somewhere,2
detach,2
syrian,2
fantasy,2
yellows,2
messed,2
button,2
heavy,2
harm,2
fish,2
reduce,2
weren,2
wires,2
beyonc,2
solved,2
reporting,2
imagine,2
teach,2
ash,2
thrown,2
expecting,2
clump,2
feed,2
nations,2
wonderful,2
passed,2
headache,2
convinced,2
std,2
john,2
highschool,2
lease,2
motivation,2
banging,2
randomly,2
aged,2
acid,2
odd,2
trapped,2
costs,2
steppe,2
towards,2
warnings,2
serve,2
eggs,2
70,2
salary,2
industry,2
nail,2
artemis,2
traditional,2
golf,2
taxes,2
cell,2
unhappy,2
idiots,2
condom,2
distance,2
trees,2
grew,2
actions,2
employer,2
manger,2
gated,2
throwing,2
grey,2
11th,2
project,2
hdmi,2
cookies,2
demons,2
various,2
ps4,2
burned,2
available,2
missing,2
franchise,2
context,2
sweet,2
ashlyn,2
chunk,2
file,2
unsuccessful,2
throughout,2
belt,2
worthless,2
devil,2
raise,2
strings,2
hitting,2
ireland,2
swt,2
firm,2
gas,2
gag,2
skype,2
plants,2
accidently,2
error,2
omelettes,2
larger,2
employees,2
eve,2
stover,2
rules,2
keys,2
cleaning,2
opinion,2
recent,2
analysis,2
crazed,2
carpets,2
listening,2
named,2
reviewed,2
useful,2
couch,2
bethany,2
monday,2
finding,2
knock,2
absolutely,2
fake,2
urgent,2
economic,2
mirror,2
candle,2
bruising,2
pale,2
removal,2
quote,2
promiscuous,2
thighs,2
bc,2
ache,2
therefore,2
wore,2
rats,2
eaten,2
racism,2
returning,2
factor,2
france,2
bankruptcy,2
indoor,2
bored,2
opposed,2
uses,2
planet,2
un,2
ug,2
similar,2
hobby,2
department,2
lucid,2
breasts,2
prepared,2
actress,2
suppouse,2
mcdonald,2
2003,2
results,2
4am,2
penis,2
suave,2
languages,2
wished,2
toenail,2
laid,2
intel,2
putting,2
homework,2
roll,2
someday,2
bleeding,2
palmer,2
rivers,2
spaghetti,2
mcdonalds,2
cupcakes,2
plays,2
paintings,2
stubble,2
commercial,2
vasectomy,2
explore,2
sink,2
safer,2
cousins,2
proof,2
manage,2
motor,2
zip,2
illegal,2
frog,2
gers,2
vehicle,2
dreams,2
feminists,2
occurred,2
fan,2
challenge,2
obvious,2
closing,2
didnt,2
streamer,2
links,2
process,2
lock,2
slim,2
tag,2
noises,2
poetry,2
awake,2
miss,2
banned,2
greatly,2
tension,2
blocks,2
tied,2
independent,2
wrist,2
ties,2
realized,2
nys,2
mustache,2
widowed,2
passion,2
demon,2
bridges,2
winning,2
kindergarten,2
2017,2
2013,2
earn,2
nyc,2
cage,2
worlds,2
masters,2
edit,2
grippers,2
beneath,2
circular,2
d3200,2
waking,2
changed,2
semen,2
valve,2
freshman,2
islamism,2
shut,2
eco,2
fourteen,2
surely,2
collection,2
business,2
biting,2
restaurants,2
insane,2
owned,2
embarrassed,2
occurrences,2
reliable,2
firewire,2
einstein,2
painful,2
stomach,2
casino,2
july,2
loved,2
shampoo,2
youtube,2
politics,2
negatively,2
russians,2
congestion,2
lindt,2
mid,2
mix,2
combat,2
mortal,2
80c,2
nobody,2
visiting,2
disease,2
lakes,2
skinny,2
normally,2
gain,2
atmosphere,2
rough,2
highest,2
fuel,2
hope,2
boric,2
cpu,2
perfection,2
probably,2
nearly,2
nope,2
areas,2
calling,2
occupy,2
motorcycle,2
frame,2
desperate,2
interacting,2
pattern,2
cruel,2
mexicans,2
supernatural,2
correctly,2
progress,2
neither,2
mainly,2
group,2
equal,2
beliefs,2
bristol,2
otherwise,2
comment,2
anti,2
cm,2
invasive,2
irish,2
lashing,2
math,2
army,2
respect,2
shame,2
username,2
eyelashes,2
laser,2
harder,2
5th,2
clearly,2
foreign,2
whore,2
began,2
daith,2
inch,2
effect,2
authors,2
frequently,2
nation,2
diabetes,2
south,2
lunch,2
ashlee,2
muscle,2
latest,2
ny,2
web,2
destroy,2
ski,2
education,2
myth,2
burden,2
emma,2
hygiene,2
fighter,2
simply,2
soft,2
amd,2
italian,2
apeared,2
church,2
searching,2
alive,2
category,2
sniffing,2
hoarder,2
disk,2
gt,2
screwed,2
wycombe,2
bills,2
universe,2
secularism,2
childrens,2
chronic,2
weather,2
additional,2
housing,2
maintenance,2
hr,2
believes,2
hd,2
thrice,2
record,2
piece,2
block,2
toilets,2
condition,2
meaningless,2
pig,2
autism,2
visa,2
48,2
45,2
claiming,2
mass,2
incredibly,2
dresses,2
plate,2
ears,2
ghost,2
atheist,2
entertainment,2
metra,2
schengen,1
implants,1
foul,1
busget,1
asian,1
mansion,1
gabrielle,1
poorly,1
dazs,1
swag,1
calculate,1
sweetest,1
contained,1
daley,1
teaching,1
bandra,1
lure,1
cenotaph,1
compassion,1
rise,1
55mm,1
somker,1
smack,1
monkeys,1
advices,1
nfl,1
baking,1
presidency,1
crops,1
popup,1
venue,1
wednesday,1
ancustom,1
diversity,1
enhance,1
sachin,1
charter,1
force,1
10b,1
phones,1
pin,1
weddings,1
direct,1
tires,1
elegant,1
friendships,1
implemented,1
specs,1
aim,1
preferences,1
ecoomy,1
revolves,1
liberty,1
reasoning,1
bonuses,1
fossil,1
churches,1
6ft,1
consisting,1
coefficient,1
yanks,1
equals,1
anthropology,1
flannery,1
humility,1
dorm,1
path,1
107,1
forum,1
taped,1
cleansers,1
floorboards,1
permit,1
neurologist,1
aka,1
punishment,1
grandkids,1
fantastic,1
freedom,1
secure,1
campaign,1
graders,1
replace,1
visible,1
specifics,1
moral,1
guests,1
drowned,1
romantically,1
strapless,1
counts,1
forums,1
adarsh,1
sarah,1
browse,1
ploy,1
insult,1
leaks,1
asses,1
program,1
telegraph,1
25th,1
musk,1
repairing,1
playboy,1
31188468,1
mediacentre,1
naive,1
haha,1
award,1
tying,1
unimportantant,1
ward,1
blocking,1
supplemental,1
shoot,1
1990,1
springer,1
retouch,1
rights,1
pursue,1
1998,1
gasoline,1
refusing,1
breakfast,1
spec,1
remedies,1
dn2,1
root,1
16gb,1
unmarked,1
indicated,1
dividers,1
cong,1
laughs,1
honey,1
corsages,1
loaning,1
rig,1
attract,1
soneone,1
hom,1
feature,1
machine,1
writers,1
titillate,1
memorization,1
charging,1
description,1
typed,1
ladder,1
coffers,1
lump,1
complicated,1
davis,1
55k,1
las,1
wins,1
appreciate,1
scare,1
supermarkets,1
cigarettes,1
fictitious,1
scarf,1
ethernet,1
skyping,1
wine,1
restriction,1
dreamed,1
ramadan,1
preping,1
oven,1
japan,1
windshield,1
personae,1
entrances,1
recreational,1
expectations,1
pricier,1
production,1
unhealthy,1
fig,1
persist,1
acupuncture,1
megachad,1
belly,1
grassley,1
woken,1
reygulus,1
workout,1
runny,1
commemorate,1
roommate,1
repulsive,1
incarnations,1
bolted,1
alex,1
bosnia,1
swaying,1
grasslands,1
lucy,1
explode,1
wooden,1
reasonable,1
addicted,1
overpopulated,1
fairly,1
dawn,1
cums,1
saturday,1
whip,1
fuss,1
network,1
rs,1
tales,1
hooked,1
bennet,1
content,1
encourage,1
adapt,1
banning,1
newly,1
smart,1
scottish,1
associate,1
leftovers,1
nexy,1
hoodie,1
estimate,1
publication,1
created,1
grasses,1
diabetic,1
ati,1
creates,1
ordering,1
licked,1
soda,1
aspire,1
medicaid,1
chopped,1
features,1
cigarette,1
leah,1
twitches,1
hearing,1
rant,1
grady,1
rans,1
bicycle,1
antarctic,1
pending,1
electronic,1
overs,1
crunches,1
protracted,1
california,1
observations,1
underlie,1
genesis,1
curtains,1
ceiling,1
withthe,1
grandchildren,1
mouydir,1
western,1
helen,1
abandoning,1
brushed,1
spoiler,1
1979,1
disciplined,1
andreya,1
immigrants,1
classes,1
silly,1
mermaid,1
1974,1
sees,1
ran,1
boston,1
torque,1
spent,1
berate,1
tells,1
ray,1
couldyou,1
hub,1
aviod,1
convenient,1
dioscorea,1
snow,1
1963,1
explanations,1
materials,1
ingrown,1
hatch,1
snob,1
memebers,1
desert,1
mcadams,1
victoria,1
regular,1
utilize,1
macbook,1
camps,1
observation,1
alarm,1
detected,1
motorways,1
principle,1
dailycaller,1
entertaining,1
voting,1
consumer,1
annoyed,1
kristen,1
pardoned,1
knightly,1
asia,1
participate,1
turnbull,1
molde,1
blotting,1
lessons,1
judges,1
proposed,1
guidance,1
touched,1
763,1
folks,1
folder,1
personality,1
borrowed,1
strip,1
wide,1
dc,1
blinking,1
pocket,1
watson,1
jail,1
midterms,1
dr,1
learned,1
societies,1
increasing,1
igneous,1
translating,1
coles,1
rothschild,1
patch,1
peroxide,1
bag,1
financially,1
411,1
steal,1
steam,1
subwoofers,1
victim,1
fair,1
implies,1
homeles,1
fluffy,1
corrupt,1
miserable,1
skulls,1
smoothies,1
subject,1
02,1
draws,1
inappropriate,1
09,1
continent,1
grandmother,1
finger,1
disprove,1
hopefully,1
caves,1
616356,1
360,1
discovery,1
preserve,1
vomitting,1
extend,1
weak,1
mazda,1
harvard,1
wtf,1
defiance,1
downgrade,1
picking,1
accused,1
192150,1
coz,1
demanded,1
herself,1
2kg,1
30th,1
gwen,1
tone,1
timescale,1
cankersore,1
character,1
precum,1
excess,1
seizure,1
hers,1
lick,1
springs,1
250,1
trust,1
hitler,1
speak,1
apologize,1
aback,1
iraq,1
beef,1
enginer,1
union,1
cyrus,1
beneficiary,1
confident,1
meanings,1
incompetent,1
castration,1
minuet,1
mushroom,1
concerning,1
ariana,1
enterprises,1
substance,1
165,1
160,1
tortoise,1
applied,1
emails,1
contemplated,1
cere,1
sudical,1
outie,1
stopping,1
aid,1
cracked,1
prostrate,1
leaves,1
savanna,1
seven,1
cons,1
acouole,1
creeking,1
creepy,1
comparative,1
solutions,1
id,1
sever,1
memorial,1
cools,1
toaster,1
jerry,1
honk,1
windsor,1
t1u98i,1
fucus,1
hoarders,1
accumulating,1
plates,1
grows,1
european,1
wheel,1
evolve,1
bearded,1
updated,1
immigration,1
catholic,1
declaring,1
pick,1
rail,1
apostates,1
photographers,1
portal,1
kin,1
megan,1
opportunity,1
kept,1
scenario,1
youre,1
suffering,1
inherit,1
tho,1
savings,1
practices,1
mamma,1
roma,1
romo,1
800,1
thc,1
plaque,1
etiquette,1
assembling,1
unemployment,1
athletic,1
newton,1
torah,1
grades,1
grader,1
identify,1
farther,1
uncooperative,1
stepdaughter,1
previous,1
thyroid,1
adding,1
instance,1
photographer,1
5s,1
pharmacy,1
spread,1
prison,1
humanity,1
laying,1
actresses,1
shoulder,1
explained,1
ops,1
bands,1
breaks,1
arab,1
lcd,1
3pm,1
judge,1
dreamt,1
roach,1
advanced,1
desire,1
exxon,1
cooler,1
blunt,1
56,1
remind,1
steps,1
avatar,1
cheongsams,1
cookware,1
bulbifera,1
paltrow,1
sponge,1
skinned,1
scrabble,1
election,1
indirect,1
doorstep,1
enemies,1
cocaine,1
ear,1
opposite,1
totals,1
uma,1
4ghz,1
conquering,1
cnn,1
expand,1
resorting,1
ww2,1
corn,1
obtain,1
peed,1
discount,1
plc,1
confrontation,1
substitution,1
peer,1
assyrians,1
harmful,1
yelling,1
parenting,1
newspapers,1
dined,1
denmark,1
lacked,1
spaniards,1
nerve,1
22m,1
thinner,1
thermostat,1
lied,1
facility,1
wasting,1
pays,1
float,1
ppl,1
lies,1
beings,1
ecology,1
lieu,1
refined,1
lewd,1
rounds,1
allways,1
acidic,1
linlyons,1
chargers,1
altitude,1
sneezing,1
legislation,1
gig,1
accordingly,1
conservation,1
authorized,1
fraction,1
jane,1
lowest,1
successfully,1
crown,1
paypal,1
ford,1
worste,1
feminine,1
solar,1
patient,1
220,1
chests,1
crows,1
kohls,1
wiper,1
yakuza,1
maximum,1
emotional,1
stages,1
surroundings,1
dues,1
turbo,1
infections,1
devilliers,1
flaw,1
covers,1
elon,1
pepipoo,1
floating,1
dealer,1
physical,1
commercials,1
nc,1
handmade,1
ne,1
handed,1
reality,1
flood,1
role,1
holding,1
digital,1
holocaust,1
erosion,1
2500,1
scored,1
incestuous,1
intend,1
pyramids,1
models,1
dies,1
ovaries,1
outreach,1
scores,1
persecution,1
batmans,1
pierced,1
stinkin,1
explosions,1
babysitting,1
billion,1
apology,1
2bten,1
packets,1
spanked,1
jacket,1
smooth,1
reception,1
masturbation,1
beastlike,1
ivoire,1
tribunals,1
coach,1
managed,1
skip,1
alternatives,1
washingtonsblog,1
manager,1
mile,1
mila,1
milk,1
hissy,1
depend,1
balloons,1
mallet,1
flask,1
graph,1
gigs,1
permanently,1
division,1
smartphone,1
underpay,1
drudge,1
intrusive,1
asthmatic,1
brooke,1
vegas,1
redish,1
eats,1
vladimir,1
turns,1
philippines,1
skewed,1
magnet,1
settle,1
quick,1
manchester,1
spiritual,1
legalized,1
occurrence,1
findings,1
porn,1
trend,1
dealing,1
federer,1
obsolete,1
thinker,1
mysteriously,1
substitutes,1
drinks,1
curse,1
heres,1
assistance,1
favour,1
melt,1
bass,1
illustrations,1
reply,1
appeal,1
hummer,1
supporting,1
angelina,1
ecepted,1
prescriptions,1
funeral,1
understanding,1
abandon,1
goldfish,1
persecuted,1
mcfadden,1
buck,1
demolishing,1
council,1
suggestion,1
lamps,1
myers,1
margot,1
genuinely,1
bloods,1
laxactives,1
madman,1
thandie,1
durham,1
rarely,1
market,1
sky,1
opposes,1
handled,1
sake,1
pooped,1
predictions,1
vineyard,1
masturbating,1
bespeckled,1
iphone,1
everywhre,1
pret,1
blotchy,1
entrance,1
clitoris,1
acceptable,1
envelope,1
consoles,1
everywhere,1
amelia,1
instructional,1
originally,1
wetherspoon,1
soul,1
capable,1
judd,1
idesperately,1
hardest,1
sour,1
incidents,1
royal,1
growing,1
ferry,1
trans,1
dollars,1
deceased,1
natasha,1
nursing,1
downfall,1
audiophile,1
posing,1
yard,1
naenae,1
stole,1
spe,1
painkillers,1
productive,1
bankrupt,1
fuming,1
fortunately,1
premade,1
sahabi,1
chemical,1
till,1
sunday,1
slibings,1
anyon,1
tile,1
jenifer,1
speaks,1
michigan,1
nonstop,1
chores,1
product,1
laundry,1
grom,1
sacrifice,1
spot,1
crashed,1
ark,1
suck,1
twitch,1
varieties,1
ghz,1
insides,1
tale,1
sh,1
infidels,1
tall,1
sa,1
typical,1
refund,1
vegetation,1
repair,1
spitting,1
forfeit,1
epilepsy,1
midnight,1
tablets,1
nitrogen,1
pitch,1
birds,1
blocked,1
grout,1
avid,1
occur,1
abusers,1
curly,1
acknowledge,1
north_afri,1
manuscripts,1
whistles,1
methodology,1
yorkshire,1
attraction,1
window,1
offers,1
farmer,1
main,1
texas,1
lonely,1
combustion,1
tucked,1
civilian,1
ddr3,1
killer,1
sooner,1
indigenous,1
records,1
taliban,1
n03,1
possess,1
moist,1
term,1
equality,1
sophomore,1
subaru,1
possibilities,1
peasant,1
sshow,1
maher,1
rock,1
scolded,1
entirely,1
quarter,1
85,1
aspergers,1
animalistic,1
en,1
retrieve,1
fired,1
eg,1
receipt,1
matress,1
chotts,1
obsession,1
neighbourhood,1
medications,1
3rd,1
blu,1
classy,1
immigrant,1
tingly,1
attracted,1
tingle,1
hacked,1
receiving,1
rebuilding,1
lag,1
quran,1
cars,1
mechanisms,1
romans,1
centered,1
curable,1
vegetarians,1
dispatcher,1
ministry,1
chevy,1
stafford,1
massive,1
earning,1
512,1
cheese,1
earache,1
initial,1
motel,1
spoken,1
rachel,1
americans,1
directly,1
carry,1
ripping,1
tingling,1
pauses,1
personalities,1
virgin,1
bite,1
plastic,1
carson,1
psychotic,1
1d,1
circa,1
bits,1
hydrogen,1
speaking,1
ashby,1
crews,1
hut,1
cops,1
ridiculous,1
copy,1
specify,1
iceberg,1
grammer,1
transferred,1
protected,1
posit,1
asleep,1
gigantic,1
dissapointed,1
sean,1
coconut,1
illness,1
legalizing,1
pro,1
argument,1
crossover,1
ant,1
tastes,1
mates,1
climbed,1
horsepower,1
sells,1
albedo,1
sat,1
offering,1
greek,1
unsuitable,1
ideal,1
18th,1
fracture,1
impairment,1
bets,1
investigations,1
impulsively,1
squalor,1
knew,1
t6600,1
printed,1
sheets,1
remarks,1
pages,1
mainstream,1
wireless,1
adopt,1
steady,1
crooked,1
mri,1
arguably,1
uncle,1
typically,1
filing,1
onward,1
cheat,1
recipe,1
contemporary,1
discovered,1
headshot,1
elae,1
aggressive,1
mister,1
sheepdogs,1
ground,1
upgrade,1
ratio,1
includeing,1
title,1
written,1
junior,1
arquette,1
wood,1
deployed,1
blinds,1
posted,1
wingers,1
pumpkin,1
assistant,1
condemning,1
previously,1
cursing,1
inspection,1
negative,1
ssd,1
unethical,1
gel,1
prime,1
hinges,1
saliva,1
roger,1
predicted,1
bombs,1
instated,1
worrying,1
wiki,1
ignored,1
concert,1
comparable,1
colette,1
1920,1
underpaid,1
wonder,1
830,1
mystical,1
review,1
loanees,1
oppression,1
label,1
checks,1
corridors,1
notice,1
infrastructure,1
43,1
parental,1
farts,1
flow,1
supermarket,1
worrry,1
adept,1
birthrates,1
heal,1
hurts,1
jd,1
undermine,1
originates,1
mans,1
talented,1
ballpark,1
warbutons,1
energies,1
loudly,1
senator,1
expression,1
nearby,1
duty,1
drawer,1
terse,1
hve,1
accusation,1
ayla,1
64,1
imo,1
learning,1
additionally,1
consider,1
moore,1
cities,1
cycling,1
fallen,1
banana,1
airlines,1
breath,1
workshop,1
sinful,1
helicopter,1
prototype,1
psychics,1
wobble,1
500,1
differently,1
shopping,1
stew,1
labia,1
asks,1
stems,1
6x,1
suspected,1
pieecing,1
irrelevant,1
countless,1
50k,1
structures,1
chinatown,1
profiles,1
resturant,1
straighter,1
guessed,1
ongoing,1
falsified,1
50s,1
bathrooms,1
orientation,1
eventually,1
sleeping,1
couples,1
evening,1
nile,1
technology,1
worry,1
williams,1
develop,1
vivid,1
degenerate,1
artists,1
reminded,1
homosapiens,1
html,1
coworkers,1
grain,1
trollerson,1
berry,1
odi,1
foam,1
ck,1
persons,1
beside,1
wired,1
totally,1
tradition,1
reference,1
houseparty,1
theater,1
clingy,1
chronogical,1
charger,1
constitutional,1
severe,1
woolworths,1
pitbull,1
termination,1
justify,1
gdp,1
choreography,1
noah,1
pakistan,1
emerald,1
neon,1
noaa,1
2bto,1
aspect,1
pedicures,1
ps3,1
slutty,1
speed,1
captured,1
blondes,1
overlapped,1
panick,1
pallet,1
cc,1
suppressed,1
emissions,1
electrical,1
pill,1
careers,1
kareem,1
psn,1
cayman,1
stung,1
papers,1
virginia,1
stools,1
dark,1
warehouse,1
inflation,1
nappy,1
libs,1
railroad,1
accepted,1
disappointed,1
gaussian,1
dare,1
clan,1
towel,1
adams,1
pounds,1
photographs,1
buddies,1
decrapio,1
grants,1
donations,1
haram,1
gladly,1
reaches,1
nauseous,1
pushy,1
backgrounds,1
pacific,1
slavery,1
depressed,1
lobster,1
brits,1
images,1
gross,1
poll,1
genetics,1
confirm,1
googled,1
1856,1
moon,1
particularly,1
cannabis,1
throat,1
exit,1
doggy,1
hustle,1
welcome,1
dresden,1
asterisk,1
milliband,1
communicate,1
dictators,1
tuition,1
morphs,1
fantasize,1
leftover,1
krasheninnikov,1
stone,1
package,1
oe,1
inviting,1
meal,1
tremendous,1
fell,1
airline,1
road,1
fallacy,1
cambridge,1
decreased,1
burning,1
kalie,1
image,1
essex,1
cursed,1
earring,1
parties,1
speculated,1
gomez,1
pharmaceutical,1
unisex,1
removing,1
housewives,1
alleged,1
racist,1
djokovic,1
rebelious,1
patricia,1
assumes,1
catholics,1
kichen,1
750,1
critters,1
peaceful,1
chlymidia,1
cabinet,1
beginners,1
keira,1
survived,1
attainable,1
technologies,1
54000,1
divisors,1
atokyo,1
arranged,1
annihilate,1
fabricate,1
reflex,1
ticketed,1
potato,1
bucket,1
tellin,1
insert,1
dirty,1
showtopic,1
grass,1
bucked,1
16oz,1
darker,1
ac,1
ab,1
replacing,1
arabs,1
describe,1
ap,1
homosexual,1
photography,1
planets,1
deed,1
moves,1
hospitals,1
inevitable,1
cream,1
discs,1
ideally,1
idiot,1
regularuily,1
tight,1
implied,1
notrickszone,1
gambling,1
2bwarming,1
alseep,1
obsessed,1
spoilers,1
symbol,1
gifts,1
track,1
revolve,1
jamming,1
pool,1
max,1
natalie,1
blacks,1
snagged,1
therapy,1
tightened,1
siest,1
restricted,1
overseas,1
bus,1
external,1
represent,1
colleges,1
camacho,1
lack,1
nibiru,1
founded,1
tours,1
liam,1
planned,1
particles,1
ty,1
whoever,1
misses,1
squirrels,1
tail,1
tm,1
christidis,1
ti,1
siblings,1
presentation,1
principal,1
yr,1
activated,1
standards,1
tent,1
induce,1
vagjna,1
aware,1
verb,1
worst,1
deliveries,1
decide,1
awful,1
bubbles,1
enter,1
unlikey,1
cable,1
louis,1
dodged,1
grandfather,1
reminding,1
dinosaur,1
choreographic,1
liars,1
charlize,1
maggie,1
alene,1
neighborhood,1
portable,1
expansive,1
19,1
design,1
perspective,1
stronhold,1
further,1
casual,1
jesus,1
aba,1
tweeted,1
clock,1
youoooooooo,1
lawrence,1
stool,1
ovarian,1
emotions,1
centers,1
crush,1
abt,1
nurse,1
php,1
tattoos,1
estate,1
tags,1
athiest,1
loose,1
moisturizers,1
inurance,1
selective,1
operating,1
tragedy,1
fantasies,1
3000,1
colored,1
host,1
supplements,1
camcorder,1
rummaging,1
alice,1
trainer,1
henstridge,1
bathe,1
tablecloths,1
transit,1
halle,1
batshit,1
backed,1
innie,1
trained,1
matthews,1
rican,1
readily,1
eye,1
wiped,1
contains,1
texting,1
3b,1
bash,1
wipes,1
teen,1
flat,1
diamond,1
cheongsam,1
batsman,1
waterways,1
putin,1
telephone,1
portman,1
excuse,1
floyd,1
wealth,1
helped,1
whatnot,1
blah,1
equation,1
thickest,1
paragraph,1
clergy,1
knocked,1
embrace,1
mediums,1
newscientist,1
marble,1
potatoe,1
atm,1
horizontal,1
alba,1
share,1
painfull,1
pushed,1
condemn,1
critcism,1
respective,1
amendment,1
renew,1
stayed,1
menus,1
chopper,1
occasionally,1
motels,1
creature,1
rapists,1
shouldnt,1
mendes,1
signature,1
minimum,1
treatments,1
retirement,1
unsung,1
disable,1
bieber,1
waves,1
invasion,1
8240,1
concerns,1
monoculture,1
refuse,1
preferential,1
devote,1
shady,1
documentation,1
anytime,1
dragon,1
coal,1
manipulated,1
ammendment,1
grande,1
breads,1
photoshop,1
rifles,1
conversation,1
locking,1
advised,1
urine,1
installed,1
scientist,1
filters,1
smiling,1
suffer,1
arrogant,1
utilizes,1
style,1
consent,1
22,1
28,1
absence,1
relate,1
foe,1
nausea,1
wrx,1
frogs,1
motivated,1
reflected,1
peeing,1
olivia,1
struggling,1
bigger,1
register,1
robbie,1
shop,1
fully,1
kayaking,1
payed,1
transmission,1
connolly,1
12th,1
monsoon,1
obligated,1
referred,1
status,1
categorize,1
ripple,1
priority,1
beyond,1
travels,1
cpuld,1
funding,1
missed,1
wedlock,1
lexus,1
visions,1
sauges,1
projected,1
publish,1
hill,1
paradise,1
print,1
occurs,1
subway,1
dunk,1
manca,1
soulless,1
earns,1
bully,1
pathetic,1
dirt,1
rude,1
dung,1
differ,1
lesser,1
base,1
shacking,1
members,1
beginning,1
sidewalk,1
chacha,1
benefits,1
ax,1
launch,1
khaleej,1
software,1
gpd,1
w,1
sarcasm,1
scheduled,1
140721,1
concussion,1
radeon,1
webcams,1
engagement,1
probability,1
mish,1
fancy,1
feet,1
talked,1
blank,1
florist,1
wages,1
cups,1
bullied,1
passes,1
hots,1
lik,1
gourmet,1
interact,1
threatening,1
posssibility,1
______,1
belongs,1
sward,1
gpu,1
syrup,1
pence,1
baguettes,1
selling,1
absent,1
relationship,1
omelette,1
relieved,1
forests,1
maximized,1
trolly,1
tracking,1
doctors,1
franchises,1
1910,1
albums,1
percentage,1
obama,1
king,1
tooth,1
sti,1
historicans,1
ungodly,1
illegals,1
utopia,1
determined,1
2020,1
2021,1
treated,1
traveling,1
charlotte,1
frappes,1
antarctica,1
cleaned,1
torino,1
orders,1
backseat,1
lysol,1
ballerina,1
depending,1
commotion,1
silvery,1
onset,1
liu,1
genetically,1
commentary,1
1500,1
puffing,1
exploit,1
digit,1
mosh,1
reunited,1
interviewed,1
crash,1
opener,1
significant,1
unstall,1
beckinsale,1
approved,1
kg,1
salt,1
salinity,1
axelrod,1
weigh,1
charged,1
blend,1
attacking,1
lying,1
wording,1
heaps,1
66,1
hyper,1
cereal,1
rifle,1
tabloi,1
booze,1
outdoor,1
businesses,1
stoned,1
emily,1
pleaded,1
palestinians,1
justice,1
gambles,1
scooter,1
grace,1
experiment,1
moses,1
briefly,1
antithetical,1
522,1
hiv,1
bend,1
harddisk,1
secular,1
express,1
2a,1
famous,1
theft,1
international,1
wiccan,1
dawkins,1
progressive,1
medicines,1
harassing,1
computed,1
135billion,1
critisied,1
x,1
baroque,1
celeb,1
leeway,1
ponds,1
bars,1
intelligence,1
plotting,1
nuture,1
feds,1
defense,1
migration,1
sea,1
protecting,1
excusable,1
hole,1
arm,1
breast,1
unsettling,1
forlorn,1
taming,1
distraught,1
blow,1
genes,1
creating,1
unconscious,1
attention,1
lwlwlllll,1
mailbox,1
4gb,1
spray,1
opposition,1
peoplefrom,1
pissed,1
heko,1
hahaha,1
movers,1
sunsay,1
immoral,1
phosphorous,1
riddled,1
connection,1
became,1
poverty,1
finds,1
load,1
prose,1
05,1
licence,1
bridge,1
coincidence,1
tardis,1
gypsy,1
dances,1
agents,1
likes,1
2byears,1
underlay,1
lender,1
duo,1
monthly,1
create,1
appears,1
reduction,1
bhoys,1
whoi,1
airstrikes,1
perth,1
ph,1
territory,1
woke,1
proessor,1
partly,1
philippine,1
shoots,1
exempt,1
cruelty,1
peso,1
markets,1
fund,1
overpopulate,1
andheri,1
deport,1
novak,1
georgia,1
politician,1
firedme,1
budgie,1
tip,1
tolerate,1
budget,1
phillipino,1
technical,1
feminism,1
behavior,1
david,1
socialise,1
unaccompanied,1
miles,1
costly,1
averaging,1
motl,1
decline,1
rip,1
reads,1
itself,1
nightstand,1
lllll,1
pensioner,1
chase,1
funny,1
shaq,1
seduce,1
shorten,1
tothe,1
ideologies,1
widely,1
grand,1
itchy,1
composition,1
daughters,1
unlabeled,1
analingus,1
marie,1
raccoon,1
moment,1
levels,1
liquids,1
glorifies,1
haunting,1
perabo,1
timid,1
20ghz,1
2bthe,1
neandertals,1
ahnet,1
blanco,1
underwear,1
chronicles,1
massage,1
amps,1
grossly,1
grabbing,1
tim,1
selves,1
cheapest,1
cuisines,1
kiln,1
materialistic,1
risks,1
shape,1
inactive,1
atomic,1
roasted,1
jv,1
alternative,1
injuries,1
impreza,1
tables,1
emerging,1
hiking,1
tablet,1
fiancee,1
marrying,1
workers,1
advertisements,1
barack,1
neck,1
internal,1
input,1
burnishing,1
remaining,1
shove,1
format,1
dvds,1
showing,1
skies,1
unlimited,1
sightings,1
dominated,1
dearly,1
damage,1
entrenched,1
20c,1
moody,1
thurman,1
impariment,1
shaped,1
retake,1
identifying,1
cylinder,1
ignore,1
collect,1
popular,1
boulevard,1
weiner,1
waged,1
essential,1
biologically,1
suspension,1
magnificent,1
bounce,1
extremist,1
iwant,1
gp,1
mustang,1
delivered,1
haagen,1
wrists,1
contacts,1
swarming,1
avoiding,1
shall,1
crisis,1
competitions,1
prom,1
civilization,1
00035,1
anne,1
sixteen,1
replaced,1
retailers,1
jovovich,1
ufc,1
costumes,1
refused,1
zombie,1
bbq,1
chick,1
refuses,1
chamberlian,1
franco,1
anatomy,1
wildlife,1
qing,1
modernity,1
125v,1
range,1
pains,1
alarmists,1
deserve,1
hatred,1
silence,1
pollution,1
unnoticed,1
auntie,1
shed,1
middleton,1
remembrance,1
smells,1
impressed,1
statistics,1
sneaky,1
spending,1
netanyahoo,1
specifically,1
custom,1
homemade,1
fer,1
bohemian,1
twitter,1
files,1
putback,1
girlfriends,1
abidjan,1
olympiad,1
jade,1
syrians,1
raising,1
treats,1
cia,1
utd,1
fulfilling,1
inhumane,1
q,1
ur,1
loving,1
storing,1
associated,1
acidity,1
fullest,1
prevented,1
sepia,1
stoning,1
scarlet,1
thier,1
modeling,1
graham,1
bracket,1
ancestors,1
lemon,1
hardens,1
evils,1
fixing,1
nah,1
peace,1
laughing,1
reimbursed,1
towers,1
forgo,1
actors,1
tech,1
wishing,1
explaining,1
energetic,1
rabies,1
lend,1
problems,1
william,1
preteen,1
allowing,1
posters,1
sung,1
sides,1
boyfriends,1
texted,1
practically,1
mailing,1
wellbeing,1
walked,1
responded,1
watertown,1
circuit,1
2001,1
heats,1
2007,1
rigid,1
joining,1
buffalo,1
sounded,1
essay,1
minors,1
minced,1
wd,1
borderlands,1
issued,1
bagel,1
soften,1
alien,1
desserts,1
johanson,1
groceries,1
stops,1
p3rcent,1
adjustment,1
seemed,1
concerned,1
factoring,1
lower,1
institutions,1
helps,1
late,1
suite,1
gb,1
friendly,1
sniper,1
attempts,1
random,1
garden,1
helpful,1
wishes,1
trough,1
kansas,1
2bplanet,1
continued,1
wipe,1
arrange,1
shetland,1
diverging,1
michael,1
colors,1
tenderness,1
meow,1
reich,1
joes,1
subwoofer,1
havent,1
leonardo,1
floristry,1
joey,1
pleas,1
8th,1
smaller,1
ripped,1
fold,1
bengazi,1
booth,1
concludes,1
elise,1
honors,1
depression,1
index,1
thiugh,1
soup,1
kingdom,1
piper,1
access,1
waiting,1
indian,1
relocate,1
tournaments,1
bowled,1
construct,1
chose,1
leg,1
strained,1
pushing,1
separation,1
invented,1
irritating,1
painfully,1
settling,1
sentimentality,1
38,1
talent,1
copyright,1
toast,1
31,1
37,1
36,1
suggests,1
repel,1
resulting,1
insulin,1
arrive,1
seducing,1
residents,1
maker,1
involves,1
thats,1
kebab,1
acne,1
firefox,1
apple,1
clark,1
lords,1
clout,1
richest,1
duck,1
apply,1
kufra,1
standing,1
remains,1
hudson,1
540,1
punishments,1
doubt,1
estimated,1
crab,1
timing,1
stage,1
camero,1
reflects,1
criticize,1
upcoming,1
becomes,1
heir,1
carbon,1
missile,1
trail,1
hardened,1
lifestyle,1
charity,1
blithely,1
talks,1
dancss,1
stations,1
insists,1
pregency,1
23170,1
subregion,1
salat,1
island,1
fulfill,1
coffin,1
forcefully,1
2pence,1
snacks,1
proginf,1
jazakallah,1
trap,1
professor,1
pulling,1
lisense,1
searched,1
bones,1
opposing,1
trumpet,1
syndrome,1
memorize,1
onions,1
meanwhile,1
reve,1
restauraunts,1
regions,1
brian,1
lamp,1
winners,1
establishment,1
aspiring,1
tact,1
detectors,1
dominos,1
concentrations,1
preferred,1
bluff,1
disproved,1
fits,1
cabbage,1
twins,1
chasing,1
daycare,1
remedy,1
9am,1
s3,1
claire,1
cote,1
encyclopedia,1
agenda,1
op,1
jolie,1
preparing,1
humour,1
itsu,1
thigh,1
ricer,1
reporters,1
knowledgable,1
principles,1
permission,1
fortunate,1
argumentative,1
sleeps,1
sevear,1
la,1
ln,1
broom,1
curses,1
florastor,1
varies,1
h2,1
primordial,1
oldenborgh,1
2bsave,1
puerto,1
vashi,1
spreading,1
gwenyth,1
designs,1
99780,1
outlined,1
screan,1
ship,1
damages,1
newman,1
grossed,1
brand,1
ferguson,1
flea,1
nurturing,1
documented,1
garner,1
stitches,1
motorcycles,1
mods,1
intelligent,1
university,1
betta,1
ecobank,1
sin,1
moslim,1
mole,1
magnitude,1
poptarts,1
wilde,1
shaking,1
experienced,1
glasses,1
lie,1
showering,1
beginner,1
density,1
freaking,1
heated,1
staying,1
related,1
fractions,1
society,1
frequency,1
wisconsin,1
ancestry,1
cupboard,1
rumor,1
satisfied,1
84,1
empires,1
stefani,1
confess,1
mate,1
birthing,1
malfunction,1
fantasys,1
supports,1
announced,1
vertigo,1
jessica,1
dictionary,1
southern,1
shue,1
conservatives,1
van,1
philip,1
bleed,1
presently,1
shrew,1
drowning,1
organic,1
prepare,1
automatic,1
route,1
hes,1
signed,1
wrote,1
assumed,1
hussein,1
hoarding,1
hubbly,1
anhydrous,1
martin,1
yells,1
overreacting,1
xmas,1
boats,1
drastic,1
blows,1
christianity,1
scent,1
sharon,1
monkey,1
festival,1
hilary,1
pmt853,1
cats,1
decorations,1
declines,1
gather,1
travelled,1
pakistani,1
branches,1
final,1
interests,1
muggy,1
vyacheslav,1
tel,1
dehydrated,1
punish,1
reversed,1
tories,1
depressing,1
environmental,1
2bglobal,1
knowles,1
fizzed,1
rss,1
colleagues,1
relaxing,1
furnishings,1
boring,1
humped,1
providing,1
collecting,1
robocop,1
supersavers,1
delay,1
deodorant,1
mixed,1
tonight,1
gentle,1
halal,1
keller,1
goolies,1
linked,1
viewed,1
sings,1
eyeshadow,1
luciid,1
popups,1
mia,1
monica,1
caducous,1
meeting,1
lily,1
milla,1
brazil,1
fuels,1
mileage,1
unless,1
centre,1
trunks,1
hourly,1
sfs,1
nucular,1
krogers,1
offend,1
connected,1
six,1
awd,1
expired,1
realtor,1
afresh,1
deny,1
radiating,1
url,1
sia,1
pipe,1
guinea,1
occasion,1
400c,1
hardcore,1
impression,1
lubos,1
text,1
supported,1
crate,1
retouching,1
swimwear,1
senegal,1
traitor,1
megafezzan,1
12v,1
bedroom,1
argues,1
agrees,1
decade,1
staff,1
knowledge,1
earned,1
jar,1
roommates,1
controls,1
hector,1
score,1
notes,1
fitness,1
equally,1
stored,1
pee,1
230,1
convert,1
dope,1
overall,1
123,1
underdressed,1
entity,1
lifestyles,1
emiratis,1
qp,1
homosexuals,1
ughh,1
suburbs,1
eyebrow,1
maintain,1
gbs,1
gran,1
contain,1
renewable,1
tightening,1
generations,1
dawkin,1
humpty,1
exists,1
solo,1
tossing,1
shake,1
lazy,1
operates,1
edition,1
chuck,1
violet,1
kissed,1
peterson,1
packed,1
politicians,1
labled,1
earthquake,1
favor,1
ostrer,1
winters,1
tens,1
flickr,1
pants,1
incompressable,1
ability,1
importance,1
joy,1
physicist,1
outputs,1
joe,1
merry,1
composer,1
selena,1
boxing,1
legit,1
staring,1
hits,1
commenting,1
instant,1
sediments,1
freely,1
heterosexuality,1
april,1
admit,1
busted,1
khaleejtimes,1
atleast,1
behaviour,1
passing,1
cealing,1
paranoid,1
wall,1
walk,1
invisible,1
separated,1
telepathic,1
cousin,1
quan,1
labor,1
bee,1
creat,1
thanksgiving,1
persistence,1
addition,1
prince,1
led,1
tutor,1
poured,1
mirrors,1
burnisher,1
degrees,1
manipulative,1
regenerations,1
heigl,1
define,1
senses,1
controlled,1
ranging,1
censor,1
sufficient,1
realignment,1
netanyahu,1
gtx,1
perplexes,1
exploding,1
abortions,1
atlanta,1
2006,1
spain,1
spelling,1
homes,1
2016,1
unlike,1
kava,1
consumers,1
decades,1
fornicate,1
fiance,1
expiration,1
owns,1
wild,1
2012,1
adapter,1
trailer,1
snack,1
xpress,1
scraps,1
manually,1
resident,1
gargash,1
hardware,1
trickled,1
malls,1
adultery,1
claimed,1
wks,1
secrets,1
ransom,1
denial,1
concerts,1
manipulates,1
perhaps,1
views,1
radiation,1
flasks,1
digging,1
socialist,1
emanating,1
responses,1
ball,1
columbia,1
unsuccessfuls,1
promo,1
nightly,1
sagged,1
tangled,1
sarcastic,1
diath,1
sisters,1
cuoco,1
ashley,1
disappears,1
dahanu,1
disoriented,1
patterns,1
rink,1
52,1
351,1
position,1
oils,1
conservative,1
taller,1
deltas,1
theron,1
nicknames,1
aprox,1
click,1
missle,1
cries,1
clinic,1
clocks,1
voltage,1
tough,1
skill,1
lauren,1
apostasy,1
generous,1
orginated,1
listen,1
bell,1
lacemaking,1
bullshit,1
superior,1
terminating,1
slits,1
crack,1
flaccid,1
practise,1
kick,1
boom,1
increased,1
characters,1
fyi,1
hatched,1
whispers,1
kunis,1
sits,1
immediately,1
crushes,1
height,1
loss,1
trash,1
panicking,1
teenagers,1
babylon,1
sized,1
verifying,1
setups,1
consulting,1
longoria,1
traitors,1
heads,1
basket,1
raedon,1
tony,1
growth,1
evacuate,1
pounding,1
anya,1
purposes,1
faithfully,1
pinpoint,1
lead,1
leak,1
traumatic,1
slide,1
twerking,1
murzy,1
sponsoring,1
allegory,1
warned,1
stuffs,1
iphones,1
castrate,1
locate,1
backwords,1
basturd,1
myles,1
slight,1
acronym,1
roaches,1
mins,1
murdered,1
geologic,1
trains,1
scapegoats,1
outbox,1
paste,1
slug,1
hiding,1
gained,1
bombings,1
justin,1
abstinence,1
shoes,1
crutial,1
shipping,1
nightclub,1
bikinis,1
fear,1
empty,1
joon,1
phob,1
portrait,1
owe,1
accomplishment,1
possessions,1
washington,1
commitment,1
billions,1
promise,1
erect,1
quits,1
electrocutions,1
accommodation,1
couldnt,1
blower,1
pointless,1
postal,1
1982,1
whom,1
rct,1
greiber,1
condense,1
1951,1
bump,1
seann,1
dropping,1
feline,1
notices,1
yrs,1
suzuki,1
fails,1
function,1
alcoholic,1
chatting,1
hw,1
blaming,1
volume,1
mailed,1
disabilities,1
mugshot,1
granny,1
beat,1
mentioned,1
squeeze,1
anonymous,1
trader,1
retook,1
dangerous,1
variations,1
distract,1
coughing,1
ruling,1
dmv,1
bf,1
display,1
floridian,1
skating,1
66042512,1
strategy,1
decisions,1
retina,1
pic,1
lived,1
implement,1
inj,1
ink,1
collies,1
flight,1
shooting,1
pit,1
mutual,1
spit,1
concisely,1
tendulkar,1
starbuck,1
special,1
boob,1
acidification,1
nra,1
adam,1
junk,1
kinds,1
respected,1
liter,1
behavioral,1
outlets,1
lens,1
1789,1
kinda,1
tonnes,1
christians,1
intercourse,1
amp,1
kardashian,1
viet,1
rule,1
original,1
cuts,1
compete,1
situations,1
diagnosis,1
ideological,1
uneducated,1
katherine,1
miltary,1
gardens,1
bcs,1
