the,237
a,230
to,215
i,211
is,151
do,125
in,121
of,118
my,115
what,114
and,106
you,88
how,80
for,80
it,77
can,77
why,77
on,69
or,69
are,57
that,53
have,52
with,51
be,47
if,42
s,37
get,36
does,35
should,34
this,33
me,32
when,32
will,32
t,31
there,29
we,28
was,28
from,27
people,26
not,24
help,24
out,24
about,24
would,23
they,23
your,23
who,22
at,21
so,21
an,21
think,20
one,20
m,19
has,19
good,19
all,19
more,19
am,18
as,18
know,17
which,17
any,16
he,16
make,15
where,15
someone,15
some,15
by,15
but,15
like,15
yahoo,14
old,14
did,14
been,13
just,13
year,13
please,13
their,13
best,12
really,12
sex,12
work,11
better,11
anyone,11
don,11
change,11
need,11
want,10
say,10
these,10
being,10
money,10
her,10
time,10
question,10
up,10
school,9
ever,9
mean,9
bad,9
no,9
first,9
2,9
take,9
going,9
most,9
long,9
off,9
other,9
kids,8
god,8
re,8
much,8
global,8
friend,8
than,8
husband,8
many,8
pay,8
5,8
house,8
play,8
find,8
person,8
live,8
age,8
our,8
she,8
job,8
buy,8
tell,7
over,7
them,7
free,7
even,7
leave,7
man,7
still,7
answer,7
now,7
3,7
start,7
without,7
uk,7
keep,7
home,7
world,7
getting,7
new,6
after,6
days,6
too,6
next,6
country,6
games,6
life,6
save,6
had,6
team,6
1,6
name,6
card,6
little,6
around,6
its,6
pregnant,6
found,6
his,6
used,6
parents,6
game,6
back,6
use,6
called,6
having,6
go,6
women,6
could,6
married,6
warming,6
because,6
own,6
worth,5
told,5
men,5
here,5
each,5
got,5
girls,5
stop,5
child,5
human,5
possible,5
right,5
dead,5
whats,5
car,5
years,5
mail,5
hillary,5
10,5
were,5
come,5
week,5
4,5
power,5
agree,5
wants,5
girlfriend,5
wife,5
israel,5
feel,5
believe,5
per,5
us,5
baby,5
high,5
language,5
ve,5
day,5
scared,5
friends,5
affect,4
call,4
type,4
phone,4
give,4
thing,4
wrong,4
ticket,4
then,4
given,4
top,4
second,4
earth,4
climate,4
against,4
beer,4
thoughts,4
board,4
xbox,4
everything,4
eat,4
son,4
down,4
true,4
current,4
water,4
teacher,4
living,4
turn,4
tomorrow,4
15,4
18,4
considered,4
only,4
black,4
parking,4
jobs,4
screen,4
those,4
real,4
read,4
test,4
paying,4
family,4
6,4
male,4
everyone,4
7,4
kind,4
english,4
d,4
atheists,4
doesn,4
young,4
let,4
makes,4
win,4
lottery,4
something,4
profile,4
birthday,4
things,4
smoking,4
another,4
party,4
password,4
also,4
co2,3
companies,3
blue,3
daughter,3
until,3
end,3
song,3
keeps,3
fall,3
before,3
bank,3
diana,3
though,3
coin,3
autistic,3
guns,3
00,3
away,3
r,3
kitchen,3
players,3
china,3
air,3
player,3
im,3
perform,3
ocean,3
laptop,3
thanks,3
flooring,3
months,3
support,3
head,3
oil,3
exist,3
picture,3
religion,3
vegan,3
cost,3
today,3
pink,3
date,3
such,3
girl,3
place,3
white,3
eyes,3
13,3
12,3
16,3
performance,3
normal,3
price,3
walking,3
shot,3
show,3
cheap,3
seat,3
between,3
cancer,3
different,3
trip,3
speech,3
break,3
area,3
way,3
important,3
hello,3
children,3
difference,3
small,3
nba,3
christian,3
hours,3
ask,3
two,3
broke,3
hour,3
beautiful,3
okay,3
blood,3
dream,3
playing,3
always,3
major,3
number,3
check,3
northern,3
front,3
during,3
won,3
marriage,3
pc,3
ram,3
while,3
9,3
questions,3
hates,3
often,3
pet,3
dating,3
nowhere,3
become,3
into,3
income,3
try,3
video,3
body,3
names,3
animals,3
instead,3
perfect,3
realize,3
dreaming,3
guys,3
system,3
bother,3
fact,3
planning,3
computer,3
email,3
vs,3
disagree,3
happens,3
paper,3
female,3
below,3
problem,3
nhs,3
u,3
four,2
voted,2
under,2
every,2
screaming,2
likely,2
tips,2
ethanol,2
credit,2
military,2
cheating,2
army,2
survive,2
word,2
room,2
story,2
travel,2
gaming,2
poker,2
president,2
order,2
london,2
easier,2
band,2
meat,2
side,2
driving,2
psychic,2
basketball,2
hollywood,2
dogs,2
albert,2
shower,2
seater,2
mother,2
germany,2
dog,2
points,2
dads,2
saying,2
opinions,2
queen,2
ebay,2
population,2
report,2
mum,2
letting,2
never,2
boss,2
wear,2
news,2
hated,2
asked,2
worked,2
voice,2
iq,2
zombies,2
deleted,2
war,2
isis,2
born,2
inside,2
dying,2
ny,2
football,2
serious,2
ice,2
suicide,2
environment,2
0,2
charge,2
locked,2
accidentally,2
item,2
muslim,2
witch,2
address,2
boy,2
healthy,2
bangs,2
prefer,2
russell,2
prove,2
visit,2
wondering,2
said,2
scratches,2
cat,2
following,2
making,2
allowed,2
grow,2
natural,2
african,2
talk,2
brain,2
happened,2
didn,2
ex,2
gamers,2
theory,2
advantages,2
vinyl,2
besides,2
fast,2
vote,2
ring,2
open,2
legally,2
season,2
boyfriend,2
russia,2
gathering,2
rent,2
recover,2
speakers,2
paid,2
america,2
drive,2
state,2
artist,2
elected,2
ways,2
parent,2
guitar,2
engine,2
photos,2
former,2
policies,2
coffee,2
doctor,2
lava,2
disadvantages,2
weed,2
model,2
ps4,2
death,2
thinking,2
early,2
mom,2
jews,2
throw,2
favorite,2
tumor,2
homeless,2
einstein,2
mental,2
lot,2
enough,2
e,2
trying,2
monopoly,2
again,2
field,2
separate,2
legal,2
cpu,2
month,2
disk,2
acting,2
woman,2
very,2
bleach,2
atmospheric,2
programme,2
tea,2
kate,2
scientists,2
public,2
full,2
answers,2
shouldn,2
bible,2
taken,2
knows,2
science,2
learn,2
history,2
accept,2
states,2
numbers,2
phrase,2
dress,2
information,2
breaking,2
plant,2
sandwich,2
short,2
laminate,2
media,2
facebook,2
same,2
mcdonalds,2
24,2
21,2
actually,2
travelling,2
food,2
males,2
easily,2
england,2
fish,2
hard,2
reduce,2
brother,2
alcohol,2
horse,2
put,2
unexplained,2
double,2
majority,2
electric,2
plan,2
windows,2
clean,2
gold,2
celebrities,2
grocery,2
him,2
restaurants,2
see,2
europe,2
makeup,2
sold,2
franchise,2
c,2
last,2
restaurant,2
whole,2
point,2
reasons,2
belt,2
due,2
pm,2
fire,2
great,2
reliable,2
fun,2
rid,2
higher,2
000,2
weird,2
anybody,2
y,2
reviewed,2
behind,2
wage,2
cut,2
cup,2
australia,2
candle,2
meds,2
300,2
usa,2
anything,2
seeing,2
clinton,2
himself,2
ug,2
single,2
started,2
meaning,2
ago,2
land,2
required,2
youtube,2
2003,2
send,2
drinking,2
magic,2
button,2
race,2
obesity,2
interview,2
download,2
spaghetti,2
bird,2
receive,2
illegal,2
few,2
camera,2
tax,2
sister,2
train,2
account,2
native,2
watch,2
act,2
light,2
lines,2
looks,2
auto,2
worlds,2
doing,2
attending,2
princess,2
g,2
straight,2
braces,2
false,2
afraid,2
able,2
visa,2
bring,2
soldiers,2
mumbai,2
local,2
buyer,2
evolution,2
humans,2
opening,2
etc,2
cm,2
partner,2
tattoo,2
terrorist,2
student,2
diabetes,2
stores,2
less,2
storey,2
sources,2
glue,2
happiness,2
government,2
refugees,2
page,2
hair,2
drop,2
pressure,2
naturally,2
hp,2
hi,2
irish,2
compared,2
sexual,2
details,2
sick,2
star,2
stay,2
ghost,2
write,2
schengen,1
yellow,1
asian,1
mansion,1
saved,1
dazs,1
looking,1
flannery,1
bike,1
bandra,1
lure,1
cenotaph,1
rise,1
somker,1
vast,1
tickets,1
baking,1
solution,1
venus,1
fogo,1
ups,1
sachin,1
clothes,1
havent,1
bicycle,1
tired,1
10b,1
bacon,1
elections,1
tires,1
shining,1
chamberlian,1
ecoomy,1
orchestra,1
fingers,1
liberty,1
reasoning,1
lights,1
above,1
anthropology,1
met,1
studio,1
alarmists,1
dry,1
items,1
study,1
usps,1
piercing,1
smoke,1
permit,1
curable,1
joshua,1
campaign,1
graders,1
stink,1
specifics,1
guests,1
romantically,1
assyrians,1
ploy,1
leaks,1
asses,1
repairing,1
playboy,1
females,1
successful,1
motors,1
pierced,1
adult,1
90,1
hole,1
hold,1
must,1
springer,1
retouch,1
mb,1
1998,1
gasoline,1
movies,1
temperatures,1
install,1
root,1
example,1
16gb,1
oily,1
digit,1
foods,1
loaning,1
amazing,1
boats,1
titillate,1
memorization,1
pizza,1
elizabeth,1
stefani,1
coffers,1
lump,1
lay,1
law,1
lap,1
las,1
third,1
wins,1
cigarettes,1
fictitious,1
green,1
wind,1
wine,1
restriction,1
toaster,1
deck,1
consent,1
ramadan,1
japan,1
fit,1
denver,1
writing,1
production,1
hidden,1
unemployed,1
safe,1
8gb,1
commemorate,1
therapy,1
schools,1
sixteen,1
silver,1
bread,1
alex,1
bosnia,1
arrested,1
slavery,1
explode,1
acoustic,1
went,1
financial,1
constipation,1
series,1
spider,1
group,1
carry,1
taught,1
practising,1
forgot,1
message,1
bennet,1
particles,1
laid,1
adapt,1
banning,1
debit,1
newly,1
millions,1
vets,1
ate,1
professions,1
correctness,1
pence,1
renew,1
isn,1
soda,1
feds,1
shacking,1
caught,1
already,1
grade,1
alene,1
fantasy,1
grady,1
rans,1
wasn,1
electronic,1
service,1
sarcasm,1
engagement,1
john,1
toe,1
murder,1
grandchildren,1
wisdom,1
western,1
cereal,1
helen,1
gambles,1
translating,1
anxiety,1
tavern,1
andreya,1
immigrants,1
tree,1
nations,1
matter,1
mermaid,1
iron,1
mini,1
ran,1
boston,1
modern,1
torque,1
ashby,1
glass,1
seen,1
ray,1
forced,1
traditionally,1
dioscorea,1
cope,1
snow,1
exactly,1
victoria,1
translator,1
macbook,1
prostitute,1
singer,1
richard,1
medical,1
tech,1
consumer,1
screan,1
pardoned,1
bomb,1
revolves,1
d1,1
menu,1
explain,1
bush,1
touched,1
rich,1
folder,1
wearing,1
squeaking,1
dc,1
wedding,1
societies,1
earn,1
countries,1
rothschild,1
licking,1
bag,1
automatic,1
subwoofers,1
victim,1
prostrate,1
brazil,1
combustion,1
inappropriate,1
wikipedia,1
shaved,1
disprove,1
approach,1
360,1
preserve,1
extend,1
mazda,1
intelligent,1
coz,1
planned,1
gwen,1
betting,1
2nd,1
tons,1
pregnancy,1
250,1
speak,1
bathroom,1
beef,1
enginer,1
bikinis,1
beneficiary,1
incompetent,1
relaxing,1
concerning,1
republicans,1
ariana,1
enterprises,1
lift,1
165,1
presidency,1
shrink,1
sudical,1
near,1
abrupt,1
aid,1
cracked,1
employees,1
procedure,1
seven,1
cons,1
ii,1
cant,1
id,1
grown,1
suggest,1
pitbulls,1
jerry,1
windsor,1
fucus,1
belly,1
babies,1
european,1
wheel,1
fuss,1
declaring,1
social,1
evil,1
photographers,1
documents,1
kim,1
overs,1
kid,1
1974,1
inherit,1
roma,1
romo,1
thc,1
plaque,1
etiquette,1
torah,1
grader,1
yet,1
stepdaughter,1
thyroid,1
5s,1
spread,1
prison,1
anya,1
ops,1
keats,1
birth,1
wanting,1
judge,1
dreams,1
exxon,1
gift,1
50,1
steps,1
avatar,1
security,1
deal,1
bulbifera,1
sponge,1
crows,1
sure,1
scrabble,1
pain,1
bottom,1
investigations,1
fox,1
comments,1
conquering,1
christmas,1
core,1
substitutes,1
peed,1
discount,1
plc,1
substitution,1
losing,1
bowing,1
super,1
census,1
o,1
dinner,1
commit,1
palestinians,1
automatically,1
facility,1
float,1
lies,1
beings,1
google,1
shoots,1
rounds,1
allways,1
constantly,1
legislation,1
payment,1
greggs,1
authorized,1
fraction,1
music,1
happy,1
form,1
offer,1
lassie,1
islamism,1
ford,1
220,1
markets,1
yakuza,1
attached,1
peso,1
stages,1
teen,1
ayla,1
moore,1
upset,1
evidence,1
mole,1
physical,1
palestinian,1
commercials,1
nc,1
handed,1
role,1
holding,1
warehouse,1
roll,1
models,1
dies,1
stealing,1
outreach,1
muslims,1
persecution,1
batmans,1
died,1
babysitting,1
longer,1
apology,1
potato,1
packets,1
together,1
vietnam,1
teeth,1
push,1
songs,1
ivoire,1
tribunals,1
alternatives,1
focus,1
recess,1
skin,1
depend,1
father,1
shoot,1
jerk,1
choice,1
vegas,1
masturbate,1
kitten,1
trouble,1
mexicans,1
vladimir,1
level,1
12th,1
philippines,1
settle,1
diy,1
daith,1
sidewalk,1
talked,1
says,1
porn,1
sign,1
pls,1
migraines,1
afghanistan,1
appear,1
goes,1
international,1
hummer,1
supporting,1
palmer,1
ecepted,1
french,1
snack,1
goldfish,1
persecuted,1
box,1
mediums,1
demolishing,1
guilty,1
diagnosed,1
raccoon,1
20ghz,1
pillow,1
430,1
stew,1
love,1
peer,1
durham,1
1st,1
employer,1
crisis,1
everybody,1
working,1
abroad,1
masturbating,1
netanyahoo,1
iphone,1
australian,1
afford,1
chocolate,1
consoles,1
graphic,1
armpits,1
originally,1
soul,1
printing,1
incidents,1
trans,1
deceased,1
moslim,1
crazy,1
citizens,1
nursing,1
december,1
confused,1
topic,1
heard,1
subregion,1
230,1
restauraunts,1
productive,1
winter,1
nyc,1
southern,1
membership,1
4th,1
suck,1
data,1
classroom,1
tories,1
switch,1
jail,1
sc,1
tall,1
refund,1
fallout,1
deactivated,1
peterson,1
pointer,1
birds,1
abusers,1
thank,1
curly,1
hot,1
attraction,1
norway,1
texas,1
non,1
killer,1
indigenous,1
half,1
nor,1
term,1
times,1
gave,1
retrieve,1
fired,1
morning,1
obsession,1
monitors,1
blu,1
increase,1
opener,1
hacked,1
correct,1
shows,1
rebuilding,1
romans,1
vegetarians,1
accommodation,1
care,1
carnival,1
ministry,1
headphones,1
chevy,1
plane,1
blind,1
motel,1
spoken,1
spanish,1
size,1
rented,1
city,1
occupy,1
bite,1
plastic,1
carson,1
gives,1
trayvon,1
hut,1
specify,1
11,1
14,1
17,1
grammer,1
future,1
gigantic,1
pro,1
turned,1
marijuana,1
ant,1
mates,1
horsepower,1
sells,1
marathon,1
abysmal,1
ideas,1
18th,1
fracture,1
pimple,1
begin,1
skinned,1
chromosomes,1
t6600,1
assault,1
printed,1
average,1
adopt,1
wing,1
mri,1
salt,1
laws,1
friction,1
headshot,1
materialistic,1
pacific,1
slow,1
title,1
dick,1
deployed,1
inventions,1
wingers,1
assistant,1
employers,1
cannot,1
squirrels,1
ssd,1
trade,1
unethical,1
gel,1
leather,1
saliva,1
worried,1
stupid,1
roger,1
predicted,1
landlord,1
miley,1
ignored,1
sean,1
surgery,1
sport,1
mortgage,1
landline,1
teens,1
jv,1
infrastructure,1
parental,1
chick,1
suppressed,1
thanksgiving,1
originates,1
region,1
loudly,1
dated,1
comes,1
pakistan,1
period,1
pop,1
accusation,1
poo,1
64,1
65,1
learning,1
poll,1
cycling,1
rebuild,1
breath,1
peaceful,1
psychics,1
direction,1
shopping,1
offered,1
wires,1
nikon,1
tightened,1
stems,1
6x,1
suspected,1
sound,1
myself,1
cash,1
resturant,1
straighter,1
ongoing,1
shops,1
falsified,1
bathrooms,1
orientation,1
eran,1
rubbing,1
property,1
everyday,1
williams,1
shifts,1
document,1
events,1
putin,1
drives,1
director,1
persons,1
running,1
statue,1
renewable,1
drain,1
chronogical,1
constitutional,1
costs,1
pitbull,1
lysol,1
outdoor,1
noah,1
among,1
harddisk,1
rest,1
kill,1
gated,1
ps3,1
weekly,1
blow,1
generator,1
feminist,1
iphones,1
desktop,1
momentum,1
kareem,1
kills,1
cayman,1
gonna,1
traffic,1
libs,1
amp,1
psu,1
intel,1
buddies,1
decrapio,1
untangle,1
donations,1
retailers,1
fully,1
output,1
moving,1
abidjan,1
lobster,1
images,1
hominid,1
gbs,1
provided,1
1856,1
conservative,1
cannabis,1
911,1
fables,1
scientific,1
dictators,1
tuition,1
krasheninnikov,1
ok,1
package,1
disabilities,1
violence,1
airline,1
west,1
corals,1
road,1
ladies,1
cambridge,1
burning,1
paypal,1
speculated,1
gomez,1
aren,1
racism,1
cats,1
racist,1
low,1
djokovic,1
cabinet,1
beginners,1
survived,1
technologies,1
divisors,1
buying,1
happening,1
hire,1
arranged,1
annihilate,1
00035,1
grass,1
16oz,1
ab,1
videos,1
wellbeing,1
describe,1
sales,1
general,1
britain,1
ax,1
cables,1
incorrect,1
hybrid,1
trash,1
babylon,1
poor,1
briefly,1
shelter,1
symbol,1
gifts,1
building,1
laptops,1
calls,1
wifi,1
mass,1
adam,1
starting,1
represent,1
forget,1
camacho,1
caused,1
nibiru,1
disc,1
cameron,1
religious,1
causes,1
carpet,1
tv,1
removal,1
tm,1
spain,1
presentation,1
immutable,1
yr,1
returned,1
sitting,1
induce,1
verb,1
scapegoats,1
bubbles,1
list,1
dodged,1
liars,1
cookies,1
rats,1
skiing,1
past,1
pass,1
stronhold,1
casual,1
creatures,1
consumers,1
clock,1
sun,1
abs,1
tattoos,1
inurance,1
operating,1
compressed,1
palin,1
november,1
iraq,1
tortoise,1
vegetarian,1
supplements,1
pick,1
camcorder,1
transit,1
batshit,1
extinction,1
armed,1
eye,1
takes,1
contains,1
kick,1
metformin,1
minor,1
horses,1
flat,1
grabbing,1
company,1
batsman,1
floyd,1
stick,1
known,1
town,1
respected,1
equation,1
nine,1
clergy,1
marble,1
scam,1
minimum,1
chores,1
3am,1
licked,1
menus,1
cling,1
motels,1
creature,1
rapists,1
tried,1
rude,1
advice,1
signature,1
disable,1
invasion,1
refuse,1
register,1
overnight,1
buns,1
coal,1
roommates,1
grande,1
banks,1
rifles,1
mexican,1
september,1
urine,1
soon,1
installed,1
held,1
isnt,1
scientist,1
through,1
existence,1
islam,1
messed,1
20,1
possessions,1
jackpots,1
thnx,1
late,1
absence,1
might,1
somebody,1
peeing,1
detach,1
staples,1
yellows,1
stopped,1
die,1
heavy,1
chopper,1
weight,1
idea,1
finish,1
expect,1
beyonc,1
insurance,1
magnet,1
funding,1
since,1
misses,1
paradise,1
subway,1
dunk,1
drink,1
wisconsin,1
bully,1
dirt,1
confidence,1
dung,1
disneyland,1
impeached,1
matthews,1
guy,1
bash,1
thrown,1
terrible,1
circuit,1
feed,1
dont,1
simply,1
unaccompanied,1
brave,1
done,1
construct,1
wages,1
temperature,1
divorce,1
least,1
passed,1
sward,1
gpu,1
store,1
relationship,1
omelette,1
hotel,1
tracking,1
authors,1
percentage,1
std,1
king,1
legs,1
fold,1
ungodly,1
2020,1
supposed,1
charlotte,1
ages,1
frappes,1
novak,1
antarctica,1
aged,1
sell,1
nights,1
self,1
trapped,1
lik,1
internal,1
build,1
genetically,1
eggs,1
reunited,1
virus,1
nothing,1
unstall,1
approved,1
salary,1
kg,1
clear,1
artemis,1
part,1
blend,1
attacking,1
joining,1
golf,1
stoned,1
headlines,1
access,1
idiots,1
pretty,1
feminists,1
hardened,1
moses,1
hiv,1
distance,1
trees,1
famous,1
cote,1
remove,1
watched,1
common,1
x,1
insane,1
bars,1
set,1
aspect,1
throwing,1
intelligence,1
dumb,1
close,1
11th,1
ark,1
unsettling,1
guinea,1
taming,1
fans,1
captured,1
burned,1
solo,1
missing,1
generous,1
opposition,1
heko,1
both,1
grounded,1
movers,1
annual,1
sunsay,1
foreign,1
load,1
loan,1
congestion,1
community,1
coincidence,1
alone,1
agents,1
scottish,1
expensive,1
atmosphere,1
devil,1
duo,1
political,1
appears,1
secret,1
options,1
complicated,1
whoi,1
ireland,1
airstrikes,1
ph,1
gay,1
philippine,1
nra,1
mine,1
38,1
lives,1
andheri,1
demand,1
plants,1
georgia,1
firedme,1
balloons,1
holocaust,1
metra,1
accidently,1
match,1
error,1
socialise,1
costly,1
demon,1
reads,1
skype,1
stover,1
pensioner,1
chase,1
shaq,1
shirt,1
rules,1
itchy,1
daughters,1
keys,1
holidays,1
medicaid,1
purpose,1
nickname,1
lower,1
older,1
analysis,1
amps,1
tim,1
listening,1
lexus,1
continent,1
marrying,1
advertisements,1
source,1
crying,1
radiator,1
big,1
couple,1
unlimited,1
sightings,1
finding,1
bit,1
knock,1
impariment,1
continue,1
essential,1
ecology,1
urgent,1
iwant,1
economic,1
mirror,1
mustang,1
delivered,1
haagen,1
invisalign,1
shall,1
pee,1
temple,1
patient,1
ufc,1
wealth,1
wildlife,1
netflix,1
75,1
125v,1
idk,1
mouth,1
hatred,1
wanna,1
pollution,1
colorado,1
terrorists,1
appropriate,1
remembrance,1
france,1
bankruptcy,1
gers,1
spending,1
custom,1
homemade,1
files,1
retina,1
putback,1
link,1
competition,1
line,1
raising,1
cia,1
utd,1
ur,1
planet,1
storing,1
chao,1
cure,1
graham,1
ancestors,1
reimbursed,1
politicians,1
bracket,1
department,1
lashing,1
breasts,1
helping,1
posters,1
meals,1
fighter,1
mailing,1
watertown,1
opposing,1
came,1
literally,1
buffalo,1
once,1
essay,1
code,1
minors,1
results,1
stops,1
humid,1
centers,1
concerned,1
suave,1
suite,1
sniper,1
analingus,1
manipulates,1
toenail,1
putting,1
wipe,1
entire,1
transmission,1
knight,1
avoiding,1
leonardo,1
pleas,1
someday,1
yourself,1
waking,1
odi,1
acid,1
cupcakes,1
plays,1
chicago,1
cell,1
eating,1
3b,1
chose,1
commercial,1
explore,1
sink,1
safer,1
convert,1
cere,1
involved,1
31,1
30,1
37,1
36,1
leaving,1
repel,1
products,1
firefox,1
apple,1
lords,1
manage,1
duck,1
route,1
fed,1
usb,1
zip,1
frog,1
punishments,1
crab,1
oils,1
stage,1
camero,1
reflects,1
sort,1
vyacheslav,1
factor,1
heir,1
rabbit,1
4am,1
ride,1
pour,1
pregency,1
recession,1
abort,1
island,1
post,1
closing,1
control,1
links,1
process,1
slim,1
halloween,1
lizard,1
tag,1
united,1
memorize,1
torino,1
regions,1
brian,1
lamp,1
winners,1
immoral,1
sin,1
stand,1
de,1
cupboard,1
attend,1
dominos,1
concentrations,1
abuse,1
wrist,1
spelling,1
twins,1
chasing,1
processor,1
agenda,1
pyramids,1
mustache,1
evolutionary,1
move,1
widowed,1
sperm,1
mentioned,1
bridges,1
la,1
ll,1
emails,1
kindergarten,1
choose,1
2015,1
hobby,1
2016,1
2013,1
dad,1
crash,1
later,1
newman,1
ferguson,1
hands,1
flea,1
documented,1
panic,1
university,1
nfl,1
betta,1
ecobank,1
grippers,1
circular,1
d3200,1
showering,1
beginner,1
society,1
books,1
differ,1
satisfied,1
84,1
empires,1
devilliers,1
mate,1
maximized,1
shut,1
eco,1
shrew,1
unisex,1
davis,1
scare,1
owned,1
occurrences,1
owner,1
blows,1
quality,1
sadly,1
adopted,1
attack,1
palestine,1
painful,1
punish,1
explanation,1
nobody,1
stress,1
mcfadden,1
haven,1
loved,1
shampoo,1
humped,1
claim,1
sweden,1
gays,1
negatively,1
mixed,1
goldberg,1
halal,1
keller,1
throat,1
border,1
eyeshadow,1
russians,1
popups,1
mic,1
mid,1
brand,1
combat,1
harmful,1
basket,1
highschool,1
awd,1
deny,1
request,1
disease,1
skinny,1
normally,1
emerging,1
selection,1
chances,1
indoor,1
chapters,1
swimwear,1
traitor,1
democrats,1
12v,1
debate,1
principal,1
54000,1
madman,1
controls,1
hector,1
fuel,1
riding,1
b,1
achieve,1
handle,1
photography,1
boric,1
words,1
acidic,1
greiber,1
romantic,1
emiratis,1
denmark,1
taxes,1
stuff,1
gran,1
contain,1
tightening,1
fixed,1
motorcycle,1
dawkin,1
available,1
special,1
signed,1
battery,1
forgo,1
wire,1
interacting,1
cruel,1
written,1
orginated,1
horrible,1
key,1
police,1
selena,1
boxing,1
legit,1
hits,1
weeks,1
taking,1
equal,1
grain,1
bristol,1
foe,1
passing,1
otherwise,1
cc,1
invasive,1
ce,1
walk,1
telepathic,1
cousin,1
respect,1
labor,1
earning,1
poem,1
creat,1
apologize,1
poured,1
waste,1
define,1
username,1
homosexual,1
moved,1
goddess,1
neighbour,1
perplexes,1
2014,1
atlanta,1
present,1
eyelashes,1
holiday,1
laser,1
kava,1
value,1
barely,1
almost,1
site,1
helped,1
adultery,1
politics,1
whore,1
syrian,1
cross,1
strange,1
digging,1
largest,1
inch,1
gets,1
difficult,1
injured,1
ball,1
reporting,1
preteen,1
celtic,1
records,1
sung,1
dahanu,1
fighting,1
disoriented,1
thought,1
351,1
350,1
position,1
latest,1
nicknames,1
missle,1
stored,1
voltage,1
skill,1
cigarette,1
console,1
sky,1
simple,1
add,1
book,1
citizen,1
destroy,1
ski,1
vashi,1
budgie,1
whatever,1
immediately,1
necessary,1
gypsy,1
sized,1
martin,1
leaves,1
amendment,1
unsuccessful,1
tony,1
growth,1
proper,1
transport,1
lead,1
hoarder,1
leak,1
avoid,1
students,1
gt,1
allegory,1
locate,1
multiple,1
wycombe,1
murdered,1
outbox,1
loans,1
slug,1
hiding,1
rare,1
asks,1
universe,1
abstinence,1
shipping,1
h2,1
billions,1
promise,1
electrocutions,1
strategy,1
accused,1
transfer,1
housing,1
seann,1
dropping,1
function,1
north,1
evacuate,1
blaming,1
squeeze,1
bug,1
count,1
made,1
dangerous,1
j,1
rooms,1
flip,1
distract,1
record,1
dmv,1
cake,1
minutes,1
display,1
federer,1
pin,1
pic,1
pig,1
collies,1
kissed,1
pit,1
spit,1
48,1
tendulkar,1
45,1
starbuck,1
boob,1
acidification,1
chance,1
1789,1
christians,1
using,1
kardashian,1
atheist,1
earthquake,1
compete,1
diagnosis,1
ticketed,1
